{
  "prusti-tests/tests/verify/pass/rosetta/Knuth_shuffle.rs": [
    3.3492319879999286,
    0.42609585000002426,
    0.4233224170000085,
    0.42200040500006253,
    0.4220467090000284,
    0.42226342700007535,
    0.42205991000002996,
    0.4361746970000695,
    0.4229801870000074,
    0.434107440000048
  ],
  "prusti-tests/tests/verify/pass/demos/account.rs": [
    2.7325844330000564,
    0.15037825900003554,
    0.14592178399993827,
    0.1522805199999766,
    0.15207130099997812,
    0.14996302399993056,
    0.15260674700004984,
    0.15074448899997606,
    0.15181748000009065,
    0.14813517100003537
  ],
  "prusti-tests/tests/verify/pass/rosetta/Knights_tour.rs": [
    124.29457225499993,
    3.081673301000137,
    3.0713832619999266,
    3.0789425559999017,
    3.0712154459999965,
    3.086617389000139,
    3.0929485290000684,
    3.077938787999983,
    3.0721680089998245,
    3.0891586730001563
  ],
  "prusti-tests/tests/verify/pass/quick/fold-unfold.rs": [
    1.4952991889999794,
    0.1126435890000721,
    0.11225745599995207,
    0.11379208700009258,
    0.1137613840000995,
    0.1131771350001145,
    0.11402470699999867,
    0.1129269129999102,
    0.11253797999984272,
    0.11341995499992663
  ],
  "prusti-tests/tests/verify/pass/quick/moves.rs": [
    1.7945977540000513,
    0.10953676100007215,
    0.10813944099982109,
    0.1055233170000065,
    0.10826995299998998,
    0.10812564000002567,
    0.10709875199995622,
    0.10904221800001324,
    0.10649669999997968,
    0.1095674630000758
  ],
  "prusti-tests/tests/verify/pass/quick/mut-borrows.rs": [
    3.6232665249999627,
    0.18439645700004803,
    0.18295313399994484,
    0.18602119599995603,
    0.184871997999835,
    0.18730340599995543,
    0.1830716450001546,
    0.18224667399999817,
    0.18326826099996651,
    0.18781694900008006
  ],
  "prusti-tests/tests/verify/pass/quick/shared-borrows.rs": [
    2.2551185010001973,
    0.11036238600013348,
    0.11041709100004482,
    0.1078082709998398,
    0.10875635000002148,
    0.10892636499988839,
    0.10652976300002592,
    0.10853443200016955,
    0.11048229600010018,
    0.10724012400009997
  ],
  "prusti-tests/tests/verify/pass/quick/trait-contracts-refinement.rs": [
    2.086127927000007,
    0.15887486799988437,
    0.16151299000011932,
    0.16038669499994285,
    0.16118986299989047,
    0.16249057200002426,
    0.1623776619999262,
    0.1673987849999321,
    0.1612457670000822,
    0.1659898670000075
  ],
  "prusti-tests/tests/verify/pass/quick/routes.rs": [
    6.467299080999965,
    0.40816670300000624,
    0.40549086900000475,
    0.41008076899993284,
    0.4065266590000647,
    0.4038170229998741,
    0.408333717000005,
    0.4194194840001728,
    0.4220537140001852,
    0.4164963290002106
  ],
  "prusti-tests/tests/verify/pass/quick/fibonacci.rs": [
    0.44760895700005676,
    0.45280347699986123,
    0.44367760299996917,
    0.4494311910000306,
    0.44760733600014646,
    0.4479222630000095,
    0.4516564800001106,
    0.4483106959999077,
    0.454514521999954,
    0.44994973500001834
  ],
  "prusti-tests/tests/verify/pass/pure-fn/len-lookup.rs": [
    4.520472904999906,
    0.2535367920002045,
    0.2514020309999978,
    0.24877613300009216,
    0.25254761800010783,
    0.24946898600001077,
    0.2513164249999136,
    0.2489870490001067,
    0.2462122399999771,
    0.2526956289998452
  ],
  "prusti-tests/tests/verify/pass/pure-fn/quantifiers.rs": [
    2.7613863419999234,
    0.22650146499995572,
    0.22265765199995258,
    0.22237032800012457,
    0.22490723999999318,
    0.21977100999993127,
    0.22303938400000334,
    0.2241783800000121,
    0.22331690700002582,
    0.21859041099992282
  ],
  "prusti-tests/tests/verify/pass/pure-fn/recursive-pure-fn.rs": [
    2.352964079000003,
    0.17140921200007142,
    0.17427735899991603,
    0.17139781100013352,
    0.17169863699996313,
    0.1749578169999495,
    0.17164963299978808,
    0.17185205100008716,
    0.17182414800004153,
    0.17271562399992035
  ],
  "prusti-tests/tests/verify/pass/pure-fn/ref-mut-arg.rs": [
    3.5687200079999,
    0.22167582699989907,
    0.22165352499996516,
    0.22365279599989663,
    0.22314472900006876,
    0.22748371000011502,
    0.22091325800010964,
    0.2230769400000554,
    0.22466987400002836,
    0.2231254439998338
  ],
  "prusti-tests/tests/verify/pass/rosetta/Ackermann_function.rs": [
    2.344494553000004,
    0.272419384999921,
    0.26904480100006367,
    0.26868037100007314,
    0.266103553999983,
    0.2676965890000247,
    0.26866476899999725,
    0.26942073300006086,
    0.2695537449999392,
    0.2722420699999475
  ],
  "prusti-tests/tests/verify/pass/rosetta/Heapsort.rs": [
    14.520498821000047,
    1.2703166919998239,
    1.2690446850001535,
    1.270346864999965,
    1.2722469320001437,
    1.2709003190000203,
    1.2719146039999032,
    1.2731577079998715,
    1.2688317449999431,
    1.27786610499993
  ]
}