{
  "prusti-tests/tests/verify/pass/rosetta/Knuth_shuffle.rs": [
    2.712039585999946,
    2.4681013809999968,
    2.442036205000022,
    2.40715914600014,
    2.376942197000062,
    2.489165336000042,
    2.4216768449998654,
    2.4636467610000636,
    2.33282012199993,
    2.352402520000169
  ],
  "prusti-tests/tests/verify/pass/demos/account.rs": [
    2.1860542849999547,
    2.218631915999822,
    2.1231854939999266,
    2.1332730609999544,
    2.1259159390001514,
    2.056468551999842,
    2.0839885979999053,
    2.109468029000027,
    2.1598794379999617,
    2.078855825999881
  ],
  "prusti-tests/tests/verify/pass/rosetta/Knights_tour.rs": [
    120.99237822400005,
    118.63590746,
    119.357796452,
    118.90470222099998,
    121.70516294899994,
    119.005582538,
    119.59869768899989,
    120.62704626200002,
    120.8610889470001,
    119.72923206999985
  ],
  "prusti-tests/tests/verify/pass/quick/fold-unfold.rs": [
    1.3968057840002075,
    1.4238356060000115,
    1.4101950379999835,
    1.4245591469998544,
    1.4082900299999892,
    1.4153377659999933,
    1.4321160899999086,
    1.456453754999984,
    1.422753764999925,
    1.4043868349999684
  ],
  "prusti-tests/tests/verify/pass/quick/moves.rs": [
    1.6908883310002238,
    1.729606660999707,
    1.667300079999677,
    1.7094155329996283,
    1.6709337829997821,
    1.6907325299998774,
    1.6702497269998275,
    1.7236441270001706,
    1.779335054999592,
    1.6869116630000462
  ],
  "prusti-tests/tests/verify/pass/quick/mut-borrows.rs": [
    3.3886475570002403,
    3.414295764000144,
    3.3256279369998083,
    3.4143606530001307,
    3.380124028999944,
    3.324223876999895,
    3.457170534999932,
    3.318069824000304,
    3.3739134600000398,
    3.3740045260001352
  ],
  "prusti-tests/tests/verify/pass/quick/shared-borrows.rs": [
    2.1406649420000576,
    2.122438814999896,
    2.1696040730003006,
    2.154597185000057,
    2.119256471999961,
    2.0826262129999122,
    2.162688091000291,
    2.1049869399998897,
    2.066706791999877,
    2.125902713999949
  ],
  "prusti-tests/tests/verify/pass/quick/trait-contracts-refinement.rs": [
    1.9646938650002994,
    1.976913149000211,
    1.9558881689999907,
    1.9781425179999133,
    1.9197432360001585,
    1.9239713550000488,
    1.9487816470000325,
    1.8774482439998792,
    1.9344463359998372,
    1.908966185999816
  ],
  "prusti-tests/tests/verify/pass/quick/routes.rs": [
    5.634537982999973,
    5.495505227999729,
    5.412850991000141,
    5.080704155999683,
    5.251738529000249,
    5.360454523000044,
    5.051247571999738,
    5.072813029000372,
    5.155062677999922,
    5.245743083999969
  ],
  "prusti-tests/tests/verify/pass/quick/fibonacci.rs": [
    6.596252351000203,
    6.683106532000238,
    6.7273832639998545,
    6.575529149999966,
    6.580799973000012,
    6.616606852999666,
    6.558751658000347,
    6.618967054000223,
    6.637916285999836,
    6.597321783000098
  ],
  "prusti-tests/tests/verify/pass/pure-fn/len-lookup.rs": [
    3.847696967000047,
    3.8461629620001077,
    3.786339575999591,
    3.8040992759997607,
    3.7826926510001613,
    3.7491584680001324,
    3.822795079000116,
    3.7802029839999705,
    3.8632201469999927,
    3.9481617880001068
  ],
  "prusti-tests/tests/verify/pass/pure-fn/quantifiers.rs": [
    2.3402106519997687,
    2.3410106830001496,
    2.3912339059997976,
    2.3747593459997915,
    2.3473032430001695,
    2.320086315000026,
    2.3580175440001767,
    2.3824192819997734,
    2.424905654000213,
    2.3453699920000872
  ],
  "prusti-tests/tests/verify/pass/pure-fn/recursive-pure-fn.rs": [
    2.0868077770001037,
    2.0047693589999653,
    2.02815997100015,
    2.02531331199998,
    2.06901143999994,
    2.05507756399993,
    2.125277137000012,
    2.087578257000132,
    2.068123863999972,
    2.1020256179999706
  ],
  "prusti-tests/tests/verify/pass/pure-fn/ref-mut-arg.rs": [
    2.982742466000218,
    3.127489550000064,
    3.1418661970001267,
    3.125056953999774,
    3.2028696420002234,
    3.106149854999785,
    3.203840640999715,
    3.187076285999865,
    3.0259795440001653,
    3.0402491489999193
  ],
  "prusti-tests/tests/verify/pass/rosetta/Ackermann_function.rs": [
    2.1685259199998654,
    2.1264400579998437,
    2.125510446000135,
    2.0779478520003067,
    2.1699761220002074,
    2.077554030000101,
    2.152501198999744,
    2.115991114999815,
    2.190669108000293,
    2.148604645999967
  ],
  "prusti-tests/tests/verify/pass/rosetta/Heapsort.rs": [
    11.913544895000086,
    12.107599173999915,
    12.36129586900006,
    12.039460515999963,
    12.024555958999827,
    12.109766228999888,
    12.15296484999999,
    12.304823018000207,
    12.053272614999969,
    11.804660641000282
  ]
}