{
  "prusti-tests/tests/verify/pass/rosetta/Knuth_shuffle.rs": [
    3.3188808600000357,
    0.41703030000007857,
    0.42064420999997765,
    0.4168465999999853,
    0.43273184199995285,
    0.4224062150000236,
    0.41899152700000286,
    0.4096510040000112,
    0.4168881320000537,
    0.4173110330000327
  ],
  "prusti-tests/tests/verify/pass/demos/account.rs": [
    2.8241694529999677,
    0.1501544879999983,
    0.1542559040000242,
    0.1446963670000514,
    0.1488641830000006,
    0.15476590599996598,
    0.1481282799999235,
    0.14818017999994026,
    0.14745757700006834,
    0.15691621400003442
  ],
  "prusti-tests/tests/verify/pass/rosetta/Knights_tour.rs": [
    119.16331940200007,
    3.0725401540000803,
    3.0636556389999896,
    3.075668446999998,
    3.0631536079999933,
    3.0561098529999526,
    3.072372739000002,
    3.044952960000046,
    3.1890879410000252,
    3.261211939999839
  ],
  "prusti-tests/tests/verify/pass/quick/fold-unfold.rs": [
    1.5859449520000908,
    0.11948554100013098,
    0.12092214700010118,
    0.11838143699992543,
    0.11885313899983885,
    0.11234591500010538,
    0.1110338099999808,
    0.1183563370000229,
    0.1369591049999599,
    0.12290905300005761
  ],
  "prusti-tests/tests/verify/pass/quick/moves.rs": [
    1.7358654050001405,
    0.10754139699997722,
    0.1092770030002157,
    0.1075823969999874,
    0.11294071599991184,
    0.10567889000003561,
    0.10883280100006232,
    0.10691159399993921,
    0.10702149500002633,
    0.10606279099988569
  ],
  "prusti-tests/tests/verify/pass/quick/mut-borrows.rs": [
    3.49752414999989,
    0.18131938300007278,
    0.18475019300012718,
    0.19542592099992362,
    0.18390389099999993,
    0.17968697899982544,
    0.18149658400011504,
    0.1761741699999675,
    0.18391999100003886,
    0.18218808599999647
  ],
  "prusti-tests/tests/verify/pass/quick/shared-borrows.rs": [
    2.172601391999933,
    0.10356157599994731,
    0.10623128300017015,
    0.10567728199998783,
    0.10368047700012539,
    0.10212237199993979,
    0.10919959100010601,
    0.11190319799993631,
    0.10529717999997956,
    0.10076896799978385
  ],
  "prusti-tests/tests/verify/pass/quick/trait-contracts-refinement.rs": [
    2.09329698800002,
    0.15918296899985762,
    0.16429119600002196,
    0.1653074010000637,
    0.15882996599998478,
    0.16456019699990065,
    0.1670683109998663,
    0.16825111799994374,
    0.1678508160000547,
    0.15929536900011954
  ],
  "prusti-tests/tests/verify/pass/quick/routes.rs": [
    6.638416029999917,
    0.40993875499998467,
    0.41008665599997585,
    0.4012511070000073,
    0.40760804200021994,
    0.40762804199994207,
    0.4105859580001834,
    0.40597323300016797,
    0.4165359910000461,
    0.42401133199996366
  ],
  "prusti-tests/tests/verify/pass/quick/fibonacci.rs": [
    0.4441304429999491,
    0.44245713400005116,
    0.4388288130001001,
    0.44103870600019945,
    0.4389855609999813,
    0.42807002400013516,
    0.43240133900008004,
    0.4432470749998174,
    0.43174113700001726,
    0.4490984550000121
  ],
  "prusti-tests/tests/verify/pass/pure-fn/len-lookup.rs": [
    4.412790816999859,
    0.2593422179998015,
    0.27436907099991004,
    0.2649551380000048,
    0.2496974840000803,
    0.25121218899994346,
    0.2490047809999396,
    0.25479990200005886,
    0.2541493999999602,
    0.2556549050000285
  ],
  "prusti-tests/tests/verify/pass/pure-fn/quantifiers.rs": [
    2.6634309629998825,
    0.2300027679998493,
    0.218644433999998,
    0.21727792999990925,
    0.22336164800003644,
    0.2123660160000327,
    0.22376144899999417,
    0.2187801350000882,
    0.21293721800020649,
    0.21939433600005032
  ],
  "prusti-tests/tests/verify/pass/pure-fn/recursive-pure-fn.rs": [
    2.295505861000038,
    0.16719828499981304,
    0.16946569199990336,
    0.17118859699985478,
    0.16820528800008105,
    0.1682656880000195,
    0.1697172930000761,
    0.1741851060000954,
    0.16658588299992516,
    0.16644818300005682
  ],
  "prusti-tests/tests/verify/pass/pure-fn/ref-mut-arg.rs": [
    3.5669163649999973,
    0.21901789599996846,
    0.21572069200010446,
    0.22143499899993913,
    0.23542581799983964,
    0.22861230900002738,
    0.22248870099997475,
    0.21935119699992356,
    0.22067869800002882,
    0.22192509999990762
  ],
  "prusti-tests/tests/verify/pass/rosetta/Ackermann_function.rs": [
    2.26357110999993,
    0.2657154669998363,
    0.2752090970000154,
    0.27007917599985376,
    0.26742705899982866,
    0.2651134529999126,
    0.2681417619999138,
    0.2717263740000817,
    0.27295177699988926,
    0.2683654630000092
  ],
  "prusti-tests/tests/verify/pass/rosetta/Heapsort.rs": [
    12.938252385999931,
    1.27522379800007,
    1.2475614099998893,
    1.2487978130000101,
    1.2386798800000633,
    1.259316047000084,
    1.2671010719998321,
    1.2694875800000318,
    1.2652781669999058,
    1.2539086290000796
  ]
}