{
  "prusti-tests/tests/verify/pass/rosetta/Knuth_shuffle.rs": [
    2.9145951640000476,
    2.7028241660000276,
    2.6050155189999487,
    2.619724720000022,
    2.492471106000039,
    2.545672029999878,
    2.622810947000062,
    2.5709607190001407,
    2.5170721570000296,
    2.493740124999931
  ],
  "prusti-tests/tests/verify/pass/demos/account.rs": [
    2.237432174999867,
    2.4603433170000244,
    2.337611102999972,
    2.3700635499999407,
    2.29512259299986,
    2.2605793110001287,
    2.558448915999861,
    2.3862542270001086,
    2.4217801779998354,
    2.2870892759999606
  ],
  "prusti-tests/tests/verify/pass/rosetta/Knights_tour.rs": [
    147.09487870299995,
    144.41805948699994,
    145.00759118799988,
    142.89271300799987,
    143.51252222900007,
    145.48587970699987,
    146.17403079600012,
    140.95404924700006,
    143.0934119530002,
    148.71684508099997
  ],
  "prusti-tests/tests/verify/pass/quick/fold-unfold.rs": [
    1.526190305,
    1.5563940249999177,
    1.51075789000015,
    1.4561520580000433,
    1.4685734839999895,
    1.4788275000000795,
    1.4868240860000697,
    1.5214305849999619,
    1.4768995260001248,
    1.4727807520002898
  ],
  "prusti-tests/tests/verify/pass/quick/moves.rs": [
    1.8732306580000113,
    1.9245009609999215,
    1.9797639329999583,
    1.8879881349998868,
    1.9804334959999323,
    1.8130829359997733,
    1.8021588090000478,
    1.8393429810003,
    1.9323011619999306,
    1.860417987999881
  ],
  "prusti-tests/tests/verify/pass/quick/mut-borrows.rs": [
    3.6231456529999377,
    3.543981474999782,
    3.683008951999909,
    4.006961369000237,
    3.628818870000032,
    3.8108416619998025,
    3.733467699999892,
    3.662400379999781,
    3.6829357759997947,
    3.6042652370001633
  ],
  "prusti-tests/tests/verify/pass/quick/shared-borrows.rs": [
    2.319721583000046,
    2.344040063999728,
    2.358613122999941,
    2.3263383990001785,
    2.343868159000067,
    2.3132110469996405,
    2.2721197259998007,
    2.363652946000002,
    2.3853962430002866,
    2.331944302000011
  ],
  "prusti-tests/tests/verify/pass/quick/trait-contracts-refinement.rs": [
    2.1761379810000108,
    2.2520591499996954,
    2.1090056689999983,
    2.1973845259999507,
    2.016211836000366,
    2.2234041040001102,
    2.2358843319998414,
    2.047070814000108,
    2.0765855670001656,
    2.1206503860003068
  ],
  "prusti-tests/tests/verify/pass/quick/routes.rs": [
    6.339695707999908,
    6.180594523999844,
    6.159829071999866,
    5.9409258509999745,
    5.8163139349999256,
    5.8798936680000224,
    5.919563511999968,
    5.560688841000228,
    6.1248047560002306,
    5.739406502999827
  ],
  "prusti-tests/tests/verify/pass/quick/fibonacci.rs": [
    7.551699019999887,
    7.395949836999989,
    7.481260635000126,
    7.606090715000391,
    7.397266624000167,
    7.453114184000242,
    7.4221934639999745,
    7.200221607999993,
    7.436879945999863,
    7.409814567000012
  ],
  "prusti-tests/tests/verify/pass/pure-fn/len-lookup.rs": [
    4.33150941599979,
    4.2448231190001025,
    4.344981612000083,
    4.446314479000193,
    4.463354917000288,
    4.421368383999834,
    4.315375046000099,
    4.421035223999752,
    4.3313553190000675,
    4.5483429980004075
  ],
  "prusti-tests/tests/verify/pass/pure-fn/quantifiers.rs": [
    2.7638513980000425,
    2.7133811190001325,
    2.602377704999981,
    2.722316537000097,
    2.5834066380002696,
    2.6979099649997806,
    2.5613295540001673,
    2.7087904899999558,
    2.7099359290000393,
    2.703677111000161
  ],
  "prusti-tests/tests/verify/pass/pure-fn/recursive-pure-fn.rs": [
    2.3439033840004413,
    2.347195733999797,
    2.3528370120002364,
    2.2266756249996433,
    2.3680235900001207,
    2.3205996279998544,
    2.2705393960000038,
    2.319918165999752,
    2.2267473929996413,
    2.317049528000098
  ],
  "prusti-tests/tests/verify/pass/pure-fn/ref-mut-arg.rs": [
    3.490230155000063,
    3.541176008999628,
    3.60225972499984,
    3.5536522839997815,
    3.5247871120000127,
    3.508458719000373,
    3.5587832480000543,
    3.4065348179997272,
    3.3574665020000793,
    3.345995944999686
  ],
  "prusti-tests/tests/verify/pass/rosetta/Ackermann_function.rs": [
    2.2896356410001317,
    2.4001143919999777,
    2.395102101000248,
    2.3698512279997885,
    2.2468679839998913,
    2.336604219000037,
    2.2908523849996527,
    2.343103016999976,
    2.4981556620000447,
    2.5076349400001163
  ],
  "prusti-tests/tests/verify/pass/rosetta/Heapsort.rs": [
    13.587344724000104,
    14.194569194999985,
    13.387040839999827,
    12.578820509000252,
    13.312523264999982,
    13.502070777999961,
    13.08758714500027,
    13.027481116000217,
    13.078482682999947,
    13.23659618900001
  ]
}